{
    "name": "Onion Omega",
    "map": {
        "digital": {
            "pins": {
                "0":   0, "1":   1,
                          "6":   6,  "7":  7,  "8":  8,
                          "11": 11, "12": 12, "13": 13, "14": 14,
                "15": 15, "16": 16, "17": 17, "18": 18, "19": 19,
                "20": 20, "21": 21,           "23": 23,
                          "26": 26
            },
            "ops": [ "dr", "dw" ]
        },
        "analog": {
            "pins": {
            },
            "ops": [ "dr", "dw", "ar" ],
            "arRange": [ 0, 1023 ]
        },
        "pwm": {
            "pins": [
            ],
            "ops": [ "aw" ],
            "awRange": [ 0, 1023 ]
        },
        "virtual":  {
            "pinsRange": [ 0, 31 ],
            "ops": [ "vr", "vw" ]
        }
    }
}
